BuildingCode,Hazard,HazardRisk
2402002155,Soil Erosion,Moderate Erosion
2402002157,Soil Erosion,Moderate Erosion
2402002158,Soil Erosion,Moderate Erosion
2402002164,Soil Erosion,Moderate Erosion
2402002165,Soil Erosion,Moderate Erosion
2402002168,Soil Erosion,Moderate Erosion
2402002317,Soil Erosion,Moderate Erosion
2403000097,Soil Erosion,Moderate Erosion
2403000098,Soil Erosion,Moderate Erosion
2403000106,Soil Erosion,Slight Erosion
2403000107,Soil Erosion,Slight Erosion
2403000108,Soil Erosion,Slight Erosion
2403000110,Soil Erosion,Slight Erosion
2403000111,Soil Erosion,Slight Erosion
2403000113,Soil Erosion,Slight Erosion
2403000114,Soil Erosion,Slight Erosion
2403000115,Soil Erosion,Slight Erosion
2403000116,Soil Erosion,Moderate Erosion
2403000117,Soil Erosion,Moderate Erosion
2403000118,Soil Erosion,Moderate Erosion
2403000119,Soil Erosion,Moderate Erosion
2403000120,Soil Erosion,Moderate Erosion
2403000121,Soil Erosion,Moderate Erosion
2403000122,Soil Erosion,Moderate Erosion
2403000125,Soil Erosion,Moderate Erosion
2403000128,Soil Erosion,Moderate Erosion
2403000188,Soil Erosion,Moderate Erosion
2403000191,Soil Erosion,Moderate Erosion
2403000192,Soil Erosion,Moderate Erosion
2403000194,Soil Erosion,Moderate Erosion
2403000196,Soil Erosion,Moderate Erosion
2403000197,Soil Erosion,Moderate Erosion
2403000325,Soil Erosion,Slight Erosion
2403000326,Soil Erosion,Slight Erosion
2403000330,Soil Erosion,Slight Erosion
2403000354,Soil Erosion,Moderate Erosion
2403000355,Soil Erosion,Moderate Erosion
2403000360,Soil Erosion,Moderate Erosion
2403000361,Soil Erosion,Moderate Erosion
2403000368,Soil Erosion,Moderate Erosion
2403000369,Soil Erosion,Moderate Erosion
2403000370,Soil Erosion,Moderate Erosion
2403000371,Soil Erosion,Moderate Erosion
2403000373,Soil Erosion,Moderate Erosion
2403000374,Soil Erosion,Moderate Erosion
2403000375,Soil Erosion,Moderate Erosion
2403000376,Soil Erosion,Moderate Erosion
2403000377,Soil Erosion,Moderate Erosion
2403000379,Soil Erosion,Moderate Erosion
2403000380,Soil Erosion,Moderate Erosion
2403000381,Soil Erosion,Moderate Erosion
2403000382,Soil Erosion,Moderate Erosion
2403000384,Soil Erosion,Moderate Erosion
2403000385,Soil Erosion,Moderate Erosion
2403000386,Soil Erosion,Moderate Erosion
2403000387,Soil Erosion,Moderate Erosion
2403000388,Soil Erosion,Moderate Erosion
2403000390,Soil Erosion,Moderate Erosion
2403000391,Soil Erosion,Moderate Erosion
2403000392,Soil Erosion,Moderate Erosion
2403000393,Soil Erosion,Moderate Erosion
2403000394,Soil Erosion,Moderate Erosion
2403000395,Soil Erosion,Moderate Erosion
2403000396,Soil Erosion,Moderate Erosion
2403000397,Soil Erosion,Moderate Erosion
2403000398,Soil Erosion,Moderate Erosion
2403000399,Soil Erosion,Moderate Erosion
2403000400,Soil Erosion,Moderate Erosion
2403000401,Soil Erosion,Moderate Erosion
2403000402,Soil Erosion,Moderate Erosion
2403000403,Soil Erosion,Moderate Erosion
2403000404,Soil Erosion,Moderate Erosion
2403000415,Soil Erosion,Moderate Erosion
2403000416,Soil Erosion,Moderate Erosion
2403000417,Soil Erosion,Moderate Erosion
2403000419,Soil Erosion,Moderate Erosion
2403000422,Soil Erosion,Moderate Erosion
2403000426,Soil Erosion,Moderate Erosion
2403000428,Soil Erosion,Moderate Erosion
2403000429,Soil Erosion,Moderate Erosion
2403000430,Soil Erosion,Moderate Erosion
2403000431,Soil Erosion,Moderate Erosion
2403000432,Soil Erosion,Moderate Erosion
2403000433,Soil Erosion,Moderate Erosion
2403000434,Soil Erosion,Moderate Erosion
2403000436,Soil Erosion,Moderate Erosion
2403000437,Soil Erosion,Moderate Erosion
2403000439,Soil Erosion,Moderate Erosion
2403000440,Soil Erosion,Moderate Erosion
2403000441,Soil Erosion,Moderate Erosion
2403000442,Soil Erosion,Moderate Erosion
2403000760,Soil Erosion,Moderate Erosion
2403000770,Soil Erosion,Slight Erosion
2403000772,Soil Erosion,Slight Erosion
2403000892,Soil Erosion,Moderate Erosion
2403001122,Soil Erosion,Moderate Erosion
2403001123,Soil Erosion,Moderate Erosion
2403001124,Soil Erosion,Moderate Erosion
2403001225,Soil Erosion,Moderate Erosion
2403001226,Soil Erosion,Moderate Erosion
2403001232,Soil Erosion,Moderate Erosion
2403001234,Soil Erosion,Moderate Erosion
2403001235,Soil Erosion,Moderate Erosion
2403001240,Soil Erosion,Moderate Erosion
2403001244,Soil Erosion,Moderate Erosion
2403001248,Soil Erosion,Moderate Erosion
2403001254,Soil Erosion,Moderate Erosion
2403001256,Soil Erosion,Slight Erosion
2403001259,Soil Erosion,Moderate Erosion
2403001264,Soil Erosion,Moderate Erosion
2403001381,Soil Erosion,Moderate Erosion
2403001411,Soil Erosion,Moderate Erosion
2403001412,Soil Erosion,Moderate Erosion
2403001414,Soil Erosion,Moderate Erosion
2403001471,Soil Erosion,Moderate Erosion
2403001473,Soil Erosion,Moderate Erosion
2404000006,Soil Erosion,Moderate Erosion
2404000139,Soil Erosion,Moderate Erosion
2404000149,Soil Erosion,Moderate Erosion
2404000157,Soil Erosion,Moderate Erosion
2404000159,Soil Erosion,Moderate Erosion
2404000163,Soil Erosion,Moderate Erosion
2404000166,Soil Erosion,Moderate Erosion
2404000236,Soil Erosion,Moderate Erosion
2404000237,Soil Erosion,Moderate Erosion
2404000247,Soil Erosion,Moderate Erosion
2404000248,Soil Erosion,Moderate Erosion
2404000258,Soil Erosion,Slight Erosion
2404000259,Soil Erosion,Slight Erosion
2404000260,Soil Erosion,Slight Erosion
2404000261,Soil Erosion,Slight Erosion
2404000262,Soil Erosion,Slight Erosion
2404000354,Soil Erosion,Moderate Erosion
2404000372,Soil Erosion,Moderate Erosion
2402000348,Soil Erosion,Moderate Erosion
2402000354,Soil Erosion,Moderate Erosion
2402000360,Soil Erosion,Slight Erosion
2402000362,Soil Erosion,Moderate Erosion
2402000366,Soil Erosion,Moderate Erosion
2402000376,Soil Erosion,Slight Erosion
2402000378,Soil Erosion,Slight Erosion
2402000454,Soil Erosion,Slight Erosion
2402000662,Soil Erosion,Severe Erosion
2402000677,Soil Erosion,Severe Erosion
2402000685,Soil Erosion,Severe Erosion
2402000699,Soil Erosion,Severe Erosion
2402000701,Soil Erosion,Severe Erosion
2402000718,Soil Erosion,Severe Erosion
2402000730,Soil Erosion,Moderate Erosion
2402000732,Soil Erosion,Moderate Erosion
2402000740,Soil Erosion,Severe Erosion
2402000747,Soil Erosion,Moderate Erosion
2402000751,Soil Erosion,Moderate Erosion
2402000753,Soil Erosion,Moderate Erosion
2402000828,Soil Erosion,Moderate Erosion
2402000884,Soil Erosion,Severe Erosion
2402000886,Soil Erosion,Severe Erosion
2402000888,Soil Erosion,Severe Erosion
2402000890,Soil Erosion,Severe Erosion
2402000892,Soil Erosion,Severe Erosion
2402000894,Soil Erosion,Severe Erosion
2402000896,Soil Erosion,Severe Erosion
2402000898,Soil Erosion,Severe Erosion
2402000900,Soil Erosion,Severe Erosion
2402000902,Soil Erosion,Severe Erosion
2402000904,Soil Erosion,Severe Erosion
2402000906,Soil Erosion,Severe Erosion
2402000910,Soil Erosion,Severe Erosion
2402000912,Soil Erosion,Severe Erosion
2402000914,Soil Erosion,Severe Erosion
2402000916,Soil Erosion,Severe Erosion
2402000918,Soil Erosion,Severe Erosion
2402000920,Soil Erosion,Severe Erosion
2402000922,Soil Erosion,Severe Erosion
2402000925,Soil Erosion,Severe Erosion
2402000927,Soil Erosion,Severe Erosion
2402000931,Soil Erosion,Severe Erosion
2402000933,Soil Erosion,Severe Erosion
2402000935,Soil Erosion,Severe Erosion
2402000939,Soil Erosion,Severe Erosion
2402000942,Soil Erosion,Severe Erosion
2402000944,Soil Erosion,Moderate Erosion
2402000945,Soil Erosion,Moderate Erosion
2402000948,Soil Erosion,Severe Erosion
2402000995,Soil Erosion,Severe Erosion
2402000998,Soil Erosion,Severe Erosion
2402001000,Soil Erosion,Severe Erosion
2402001002,Soil Erosion,Severe Erosion
2402001006,Soil Erosion,Severe Erosion
2402001008,Soil Erosion,Severe Erosion
2402001010,Soil Erosion,Severe Erosion
2402001012,Soil Erosion,Severe Erosion
2402001014,Soil Erosion,Severe Erosion
2402001016,Soil Erosion,Severe Erosion
2402001018,Soil Erosion,Severe Erosion
2402001020,Soil Erosion,Severe Erosion
2402001022,Soil Erosion,Severe Erosion
2402001024,Soil Erosion,Severe Erosion
2402001028,Soil Erosion,Severe Erosion
2402001030,Soil Erosion,Severe Erosion
2402001032,Soil Erosion,Severe Erosion
2402001033,Soil Erosion,Severe Erosion
2402001035,Soil Erosion,Severe Erosion
2402001037,Soil Erosion,Severe Erosion
2402001039,Soil Erosion,Severe Erosion
2402001046,Soil Erosion,Severe Erosion
2402001048,Soil Erosion,Severe Erosion
2402001086,Soil Erosion,Severe Erosion
2402001088,Soil Erosion,Severe Erosion
2402001091,Soil Erosion,Severe Erosion
2402001093,Soil Erosion,Severe Erosion
2402001095,Soil Erosion,Severe Erosion
2402001097,Soil Erosion,Severe Erosion
2402001099,Soil Erosion,Severe Erosion
2402001127,Soil Erosion,Severe Erosion
2402001129,Soil Erosion,Severe Erosion
2402001131,Soil Erosion,Severe Erosion
2402001135,Soil Erosion,Severe Erosion
2402001138,Soil Erosion,Severe Erosion
2402001140,Soil Erosion,Severe Erosion
2402001143,Soil Erosion,Severe Erosion
2402001146,Soil Erosion,Severe Erosion
2402001148,Soil Erosion,Severe Erosion
2402001151,Soil Erosion,Severe Erosion
2402001153,Soil Erosion,Severe Erosion
2402001155,Soil Erosion,Slight Erosion
2402001157,Soil Erosion,Severe Erosion
2402001162,Soil Erosion,Severe Erosion
2402001164,Soil Erosion,Severe Erosion
2402001167,Soil Erosion,Severe Erosion
2402001169,Soil Erosion,Severe Erosion
2402001173,Soil Erosion,Severe Erosion
2402001175,Soil Erosion,Severe Erosion
2402001177,Soil Erosion,Severe Erosion
2402001179,Soil Erosion,Severe Erosion
2402001181,Soil Erosion,Severe Erosion
2402001186,Soil Erosion,Severe Erosion
2402001188,Soil Erosion,Severe Erosion
2402001190,Soil Erosion,Severe Erosion
2402001192,Soil Erosion,Severe Erosion
2402001195,Soil Erosion,Severe Erosion
2402001197,Soil Erosion,Severe Erosion
2402001199,Soil Erosion,Severe Erosion
2402001205,Soil Erosion,Severe Erosion
2402001209,Soil Erosion,Severe Erosion
2402001212,Soil Erosion,Severe Erosion
2402001214,Soil Erosion,Severe Erosion
2402001216,Soil Erosion,Severe Erosion
2402001218,Soil Erosion,Severe Erosion
2402001241,Soil Erosion,Moderate Erosion
2402001267,Soil Erosion,Severe Erosion
2402001268,Soil Erosion,Severe Erosion
2402001269,Soil Erosion,Severe Erosion
2402001270,Soil Erosion,Severe Erosion
2402001271,Soil Erosion,Severe Erosion
2402001272,Soil Erosion,Severe Erosion
2402001274,Soil Erosion,Severe Erosion
2402001275,Soil Erosion,Severe Erosion
2402001276,Soil Erosion,Severe Erosion
2402001277,Soil Erosion,Severe Erosion
2402001278,Soil Erosion,Severe Erosion
2402001281,Soil Erosion,Severe Erosion
2402001282,Soil Erosion,Severe Erosion
2402001284,Soil Erosion,Severe Erosion
2402001285,Soil Erosion,Severe Erosion
2402001286,Soil Erosion,Severe Erosion
2402001287,Soil Erosion,Moderate Erosion
2402001288,Soil Erosion,Moderate Erosion
2402001290,Soil Erosion,Severe Erosion
2402001503,Soil Erosion,Moderate Erosion
2402001568,Soil Erosion,Slight Erosion
2402001645,Soil Erosion,Moderate Erosion
2402001647,Soil Erosion,Moderate Erosion
2402001652,Soil Erosion,Moderate Erosion
2402001924,Soil Erosion,Moderate Erosion
2402002015,Soil Erosion,Moderate Erosion
2402002067,Soil Erosion,Moderate Erosion
2401000010,Soil Erosion,Moderate Erosion
2401000045,Soil Erosion,Moderate Erosion
2401000054,Soil Erosion,Moderate Erosion
2401000066,Soil Erosion,Moderate Erosion
2401000081,Soil Erosion,Moderate Erosion
2401000086,Soil Erosion,Moderate Erosion
2401000088,Soil Erosion,Moderate Erosion
2401000147,Soil Erosion,Moderate Erosion
2401000150,Soil Erosion,Moderate Erosion
2401000152,Soil Erosion,Moderate Erosion
2401000154,Soil Erosion,Moderate Erosion
2401000157,Soil Erosion,Moderate Erosion
2401000159,Soil Erosion,Moderate Erosion
2401000161,Soil Erosion,Moderate Erosion
2401000163,Soil Erosion,Moderate Erosion
2401000168,Soil Erosion,Moderate Erosion
2401000170,Soil Erosion,Moderate Erosion
2401000172,Soil Erosion,Moderate Erosion
2401000174,Soil Erosion,Moderate Erosion
2401000176,Soil Erosion,Moderate Erosion
2401000178,Soil Erosion,Moderate Erosion
2401000180,Soil Erosion,Moderate Erosion
2401000182,Soil Erosion,Moderate Erosion
2401000184,Soil Erosion,Moderate Erosion
2401000186,Soil Erosion,Moderate Erosion
2401000190,Soil Erosion,Moderate Erosion
2401000192,Soil Erosion,Moderate Erosion
2401000194,Soil Erosion,Moderate Erosion
2401000196,Soil Erosion,Moderate Erosion
2401000198,Soil Erosion,Moderate Erosion
2401000200,Soil Erosion,Moderate Erosion
2401000202,Soil Erosion,Moderate Erosion
2401000204,Soil Erosion,Moderate Erosion
2401000206,Soil Erosion,Moderate Erosion
2401000208,Soil Erosion,Moderate Erosion
2401000210,Soil Erosion,Moderate Erosion
2401000213,Soil Erosion,Moderate Erosion
2401000215,Soil Erosion,Moderate Erosion
2401000217,Soil Erosion,Moderate Erosion
2401000219,Soil Erosion,Moderate Erosion
2401000222,Soil Erosion,Moderate Erosion
2401000224,Soil Erosion,Moderate Erosion
2401000230,Soil Erosion,Moderate Erosion
2401000232,Soil Erosion,Moderate Erosion
2401000238,Soil Erosion,Moderate Erosion
2401000241,Soil Erosion,Moderate Erosion
2401000243,Soil Erosion,Moderate Erosion
2401000247,Soil Erosion,Moderate Erosion
2401000250,Soil Erosion,Moderate Erosion
2401000252,Soil Erosion,Moderate Erosion
2401000254,Soil Erosion,Moderate Erosion
2402000021,Soil Erosion,Slight Erosion
